val_loss,val_mean_absolute_percentage_error,loss,mean_absolute_percentage_error
0.006565140731828778,1929062.9036059042,0.009783112370599823,1692716.985612749
0.005868093365296142,2020921.2187838259,0.005686251689197428,1475575.0461726729
0.005559464432810619,1927773.1927102348,0.005196739275412387,1402275.6403202654
0.0052178123682413416,2024874.6535778001,0.004569456500887691,1324226.0190052446
0.0047319105813531225,1887460.278359795,0.004159790021872305,1296194.9168368494
0.00503223023464737,2015445.3965111522,0.0038156949732093565,1263882.0802057842
0.004258732702497828,1871605.7270364084,0.003565750133178859,1198801.4282882214
0.0040826204081558255,1925096.7243933033,0.003367797256929867,1192085.9509324995
0.0038012640664750364,1858811.9287766102,0.003179652047713837,1153400.5928043374
0.0037932877825227838,1920436.3577383226,0.0030077176942793003,1137958.797269287
0.003911396896666943,1946871.6754296562,0.0029466364999492485,1119879.443178132
0.0036540755722884862,1903432.8807096612,0.002831054229334176,1103717.5148190125
0.003592373884775307,1854339.7123865786,0.002791029063378831,1088757.4546168316
0.0037396473813273473,1820716.4691344202,0.00275825731445059,1077522.3233053156
0.0035325691260576454,1867932.395676266,0.0027520106613905314,1082256.816949347
0.0036546723039083406,1829739.8924056583,0.0026864293890904232,1054702.6358107454
0.0036205623833807845,1868531.3468171104,0.0027062311761799347,1063484.9636959948
0.003520955185638208,1851568.442233079,0.002675718978406435,1060884.5236719854
0.003594235899097348,1856614.889833592,0.0026867103177762356,1056262.2825471722
0.0035113835706241277,1882031.0274627302,0.0027023079815174803,1060069.5377116522
0.003575818410177355,1833592.8087363995,0.0026787675918270664,1026323.215212292
0.003560338198639947,1896300.4810206,0.00265745651582817,1035671.0338667242
0.003643935470622314,1918204.2095395857,0.002684249171246606,1038504.5484976086
0.0037275437069566627,1872264.1046964396,0.0026604949042245926,1035575.4018910677
0.0037634549731733937,1944344.4518098787,0.0026786062851862375,1024181.3790157015
0.0035950870799791555,1822740.2478004538,0.0026573633953525,1028021.0993185976
0.0035448917944316733,1887077.602586122,0.0026425683235816928,1026144.2434617816
0.003565173713358234,1903000.717552198,0.0026465372331103826,1030449.923814506
0.003548608134336582,1891229.4715844467,0.002634181312498558,1029352.6757520193
0.0035113604676438757,1849123.8771711541,0.0026551245465448285,1039015.952843672
0.003529890709997792,1884425.456292938,0.0026337814524051654,1017431.4315089876
0.003509802374034029,1878648.7079086609,0.0026362500320671195,1030560.7337342788
0.0035778312305589496,1900269.4607628859,0.0026304685489936586,1014192.7100488376
0.0035644466221520094,1879095.07124271,0.002633548735203334,1013493.432920672
0.0035495243857889616,1858495.272489886,0.0026362803358449993,1023112.3110383648
0.0035170346958822733,1845855.3427712028,0.002626311639436038,1013665.2278430102
0.003506626357863608,1877775.1717038143,0.002612365006065243,1016272.1646864116
0.003650846530936948,1915668.2801894073,0.002614388853895018,1019485.7742528373
0.003558738005307058,1876383.882283117,0.002622303868677602,1013172.7942416051
0.0037274292816175682,1920515.5147903298,0.002609149365158505,1035821.0831665113
0.003515210662258776,1882858.4970399672,0.0026106641576793717,1008637.3458060906
0.0037496321615113,1938187.0255755351,0.002599951855232378,1008198.5300527039
0.003519115543836894,1888805.3995994572,0.002605898381738239,1022986.6302715164
0.0036393285833418504,1917588.6388538238,0.002618764600076948,1025911.8777700112
0.0037639292758341785,1815895.8325184379,0.002602696254602577,1001479.0822584406
0.0034751993986549927,1874242.5854334035,0.002607134319841862,1031465.7101950404
0.003525571133067631,1888452.7285715754,0.0026273709754403456,1026996.0656443414
0.003542492058537304,1898985.5821856079,0.0026175223349268178,1032604.849717944
0.003567615359834048,1878143.8122757992,0.0026011060572689376,1006185.0515405494
0.003529427273655033,1872300.3493570006,0.0026101628886199143,1032753.9627612157
0.0035148015612356995,1877530.9434164034,0.0026001793638163483,1012236.5559360954
0.0035174470330914588,1867972.5881301588,0.002590135633496635,1015435.3860019895
0.0035838255694975707,1885068.709742749,0.002598847564736224,1012816.1798042463
0.0034786506568761522,1852081.4323282328,0.0025714235899812845,1015301.7230581628
0.003489426387797879,1854457.1086146291,0.0025758347290579272,1013847.064942291
0.0035072043506125974,1886040.5141807836,0.0026090690550248487,1016672.7512313512
0.003476335615392783,1873027.3626743837,0.0025882514550474036,1023359.0549107766
0.003448938582736138,1856971.0753530157,0.002597816885639745,1009107.8568020299
0.003495710457566469,1885977.5140953828,0.0025749674037727245,1007434.9086055194
0.0034766546535802243,1823164.3841322195,0.00257039319908987,1008496.7777427632
0.0034745212524992923,1883932.695840397,0.0025675778967294708,1007517.3840418436
0.003819147964568651,1847951.628544744,0.0025733409888189602,1032525.1515744203
0.003502356383983617,1833157.3367610949,0.0025970634643033325,1030056.7826269604
0.0035295099770177147,1897103.036368837,0.002584473689097956,1035249.5856795089
0.003436262068792632,1859716.6977525249,0.002582598370275494,1018957.7967113536
0.0035453710771108245,1894671.286878481,0.0025589063885924686,1012966.8165583833
0.003430480093245546,1852345.582627722,0.0025853596117167946,1032590.758607266
0.003498422923909172,1881063.2743854218,0.0025631305042384976,1009929.3849860722
0.0034404644562523955,1852419.7633248968,0.0025596551000735307,1021407.8907013307
0.0035127920100733946,1811032.7533806248,0.0025643671137920345,1007444.3726441317
0.003475440391158212,1828922.424047839,0.0025676842667835664,1013404.4831752364
0.0034982265810774176,1890900.462746727,0.00259070464308901,1044646.2130431982
0.0035051281949679968,1888207.6596923824,0.0025616123367953733,1016522.3351883119
0.0034451023600910293,1863104.4584035196,0.002571013898375523,1029647.7539880077
0.003453066414840161,1872396.7562350442,0.002564845785319087,1027758.1590728976
0.0034646337587616537,1845406.4383270952,0.0025489981960595013,1021420.6914932361
0.0034299025219360056,1870321.5046151748,0.002543863223932953,1015037.186844703
0.0034960958967091903,1891249.3010440974,0.002543317115226065,1025910.4845760051
0.0035050194294914366,1894672.7362529396,0.0025464209457522775,1030551.1933105101
0.0034167162367532743,1836465.686131128,0.002547002759234733,1031561.7805625382
0.003437589784206085,1870388.51616555,0.0025610640979966664,1025711.7560131716
0.003467811516100366,1878824.81487344,0.002574357281225812,1037490.7294900476
0.0034224476837883414,1867184.5863742633,0.00255538361264864,1023083.957187397
0.0034344859529943025,1873083.7835768366,0.002547068834776081,1021229.277874675
0.0034492276848700895,1881334.340744311,0.0025620972876807292,1037663.6222860498
0.003429045518156934,1861151.7196259836,0.002547665823879371,1011228.508265278
0.003495113450492513,1892199.9837486346,0.0025598592746509125,1043998.6346669686
0.003404718794960111,1853801.6077302152,0.0025508255257933256,1028672.6676159089
0.003403808735097914,1830208.3270550058,0.0025393556543143398,1016588.117957999
0.003464109524317273,1883949.6301537608,0.0025396182627069304,1020159.7426489847
0.0034300346743716117,1875597.3193768254,0.0025411092072545765,1029683.3378377156
0.0033812997489741383,1850815.2771229667,0.0025393592948879462,1022109.1406303387
0.0033923585886387175,1833283.4756895541,0.00255555326769869,1034758.6207599465
0.00339795477225848,1867633.4736358328,0.002550968178940645,1015361.1359216915
0.0034644372449032707,1890857.5847374941,0.0025328025266707663,1034044.9844780805
0.0034873173566795116,1893532.8855025622,0.0025343866453292857,1024380.4869881375
0.0037199549565573374,1918976.6396914795,0.002527916464752641,1030475.9439160082
0.0033861609219490323,1863499.7669371816,0.002534724766366094,1027285.8410713729
0.003480316068896133,1874169.3646524132,0.0025344861823930797,1025113.8021106765
0.003371645649042603,1862019.4926947434,0.0025618262605247907,1049199.6898025696
0.003415349410054033,1878528.6724764956,0.0024994076617869984,1008167.8707388784
0.0034204468512545323,1878018.023846683,0.0025038747202201063,1017631.3567546505
0.0033635225192829112,1836052.5090896161,0.0025347352941262435,1020754.1642525546
0.0033913899092664367,1877960.539435378,0.002519462660897568,1029752.971732972
0.003396338135327982,1874270.7960182622,0.002510138910476971,1036620.5760902644
0.003449814481494492,1879597.374269215,0.0024992173154984253,1030281.3437314027
0.003354290295690639,1859998.0009230499,0.002527874920023493,1032644.7243715727
0.0033709002073717812,1873715.9127958438,0.002524514381762549,1037328.2317124774
0.003330968402419879,1850368.9421153995,0.002516497788804931,1015564.4835574819
0.003327880394101586,1850544.4306947896,0.002528337893715824,1026325.275359531
0.0033441573893971044,1859583.2836806125,0.002489043796962374,1006773.7348211174
0.003385171341630939,1866295.332919014,0.002520898825836828,1029821.0512157615
0.0033282217552599836,1840980.9139633179,0.002513366662504443,1014756.1538729748
0.0033228499681669664,1848173.016482696,0.002509189072031393,1009874.6456276767
0.0033206379177470775,1855953.6487371044,0.0025147601195712045,1027586.1087994017
0.0033694525223728314,1849148.0741637729,0.002510149977955384,1019138.1008643663
0.003375520318580335,1883998.183095932,0.0025064680250698186,1032391.3052479719
0.0034150745185812428,1827319.8509053157,0.0024980214584888103,1034927.5648249909
0.0032997649009563284,1839321.8567421234,0.0025004198821822563,1025855.9192965367
0.003318058484014405,1840680.8274852133,0.002499096750741802,1021514.8090015458
0.0033125606369764225,1839160.6738817205,0.002477731335661318,1004177.818623819
0.0034788824203349565,1896565.8055503482,0.0024899851689002958,1028172.8570479575
0.0032775524947195565,1847902.610480878,0.002481150890599532,1013860.5184544427
0.0032973286847091648,1837264.2436766308,0.0024963395409734854,1025159.4932140011
0.0032758256868039444,1829859.449543652,0.0025077904442168146,1034790.3366943359
0.003301855023242789,1824610.1616722213,0.0024835659447967648,1014001.3572348354
0.0032969942226903663,1855826.5917587716,0.002483963955148875,1026273.8509370073
0.0032975935314310976,1866838.8225795694,0.0024736031039943357,1006679.435240655
0.0032850692604904997,1853334.3523869112,0.002491472989365638,1027013.5799609375
0.0032613413617253576,1850062.4850698248,0.002484224335548569,1020139.1958185991
0.0033012881797250333,1863222.0244252686,0.002477451885141522,1031635.351924865
0.0032880586578384963,1830065.148946031,0.002480944108431149,1016475.7447990803
0.0032772657864256092,1857591.1228058443,0.0024781049116997115,1021901.635550243
0.0032774943493954515,1858469.4092130726,0.0024742969468864334,1043097.5117965662
0.003308686804456862,1845912.2919140647,0.002469709205654371,1026080.4210734393
0.0033016199937614546,1868827.0402937045,0.002466058559625982,1038422.8163346697
0.0032594759284691284,1862527.5955148868,0.002467534265379949,1040016.2147260698
0.0032474041289865152,1851880.8526758286,0.0024644422127180787,1034234.7309385443
0.003241527006690746,1846730.0164130514,0.0024696659184543484,1040158.9987117759
0.003384608007622222,1901667.0060846102,0.0024599395636244713,1026867.0817531135
0.0032982110371919736,1882653.7053935337,0.002479873042643429,1031760.4856227278
0.0032274279134983123,1849009.272514149,0.002442235233183636,1026631.8221232371
0.0032307226594443725,1843302.4239889707,0.002466079243066081,1038227.6263585176
0.0032933385690004997,1878525.6108560716,0.002465773899310145,1025377.3870635752
0.0032460742962527466,1869675.195286633,0.0024610926006662557,1031171.2565137895
0.0032343859374054304,1823746.0174466139,0.002487225480411336,1049590.2561583347
0.0032363767315819005,1853567.7785639905,0.002451952296499926,1033927.3246014992
0.0032032184671499774,1852548.0604161322,0.0024369095642882655,1035943.2416112031
0.0032447843063298774,1855955.4789847848,0.002462991992942989,1017823.3552082402
0.003247966632370579,1868861.5958455673,0.0024560429609145028,1043173.3559500012
0.0031987342757579936,1855967.341387356,0.002453857559980039,1034734.0183468545
0.0031816207407387633,1850303.356954378,0.002446665300157325,1021722.9577127801
0.003234188288164664,1881469.0056792113,0.0024413105326491487,1030583.2425885231
0.003183881473009319,1841447.794195485,0.0024394421765289035,1013310.6677404932
0.0031904491603383005,1869626.6570161083,0.0024410954991871694,1035204.9524346556
0.0032220321214060967,1872059.180596727,0.00242440884506487,1033486.9295228522
0.003216534330311404,1865634.4904008622,0.0024247276015489936,1008801.9349615993
0.003177019741889132,1848889.3945799398,0.002420246494844197,1044602.9369213426
0.0031785231559948667,1827503.119366971,0.0024421618763267633,1034217.188015578
0.003199974267830906,1879619.8521607309,0.002424304145219994,1027404.8970480015
0.003226450050901835,1894140.1574292216,0.0024208049950223552,1022658.5850633589
0.003164987146931123,1846655.4073089124,0.0024290008965251316,1043832.887175434
0.0032204210798701515,1867879.9712300508,0.0024352803880191712,1037799.7925668298
0.003180383819153264,1864872.0591118855,0.0024147598990744137,1015130.3246619476
0.0031689383154543164,1840868.3838952347,0.0024457265594861953,1050073.1962253202
0.0031844796309166627,1829890.9486565536,0.002420258694047849,1016321.0315579261
0.003237157911957333,1888141.927339268,0.002424110680122871,1020495.1784207223
0.0031460187407487523,1847212.0908623985,0.002413564395518547,1036239.9729259666
0.003187932747520626,1862925.4769956404,0.0024149541586009136,1031089.6133275218
0.0031784504803336593,1874182.0056691682,0.0024070875741070115,1012775.8114858604
0.003168925493785118,1858344.911948756,0.002410669081272131,1022103.1176655344
0.0031633484901890194,1868755.4600226535,0.00240151418496417,1029077.6630221888
0.003222205968641887,1867997.7369008576,0.0023973773865881994,1024600.8545350371
0.0031727316658261917,1868940.5468860534,0.0024109017322715147,1025934.7805629036
0.003206770899609686,1876523.8735502318,0.0023871620476290764,1018254.327129171
0.0032240732165918743,1874193.399423957,0.0024026425187868706,1028727.302075688
0.00316036049728399,1843143.5052345241,0.0023889231583081095,1021565.4176215482
0.003262913587142967,1887698.557992575,0.0023979427150439426,1037751.4857545935
0.0031339091310614306,1839792.4088042867,0.0024037510295768817,1038152.642675237
0.0031631593374019697,1848845.224119852,0.002386747564200357,1023335.4442854327
0.003190284712107967,1847635.3443459352,0.0023975315123392514,1031984.4252717168
0.0031458460741827705,1831424.1925477611,0.0023813246294900952,1031289.836053761
0.003186012685375642,1860790.4169385503,0.0023943994899493564,1028085.7199095122
0.0031705115377280682,1855939.9079802316,0.0023860682572339133,1033913.2668311847
0.003123106358219066,1831731.7876828103,0.002377062422638557,1034585.0754788921
0.0031313612472129563,1828789.7854228315,0.0023806969717100083,1039291.5545827254
0.0031684672575043324,1838673.1650060483,0.0023849267741463272,1020655.2875321059
0.0031736887580112,1803254.2685112287,0.002340157514673669,998767.4220473397
0.0031689594295174223,1836443.773415522,0.0023610125216150498,1046908.7222252241
0.0031460526226689397,1843471.1532509867,0.0023563660791211098,998991.8437715553
0.003179298271052113,1855885.442563526,0.0023582837628537273,1026449.1223269616
0.0031246320132455986,1810976.326154423,0.00237014365315168,1024827.4915593967
0.0031084939619010522,1801940.2791374805,0.002351835029457797,1032069.456184788
0.003169648798429823,1830425.1555691683,0.0023298613641253977,1009511.463701091
0.003119970963270461,1774278.0611568273,0.002330568455810468,1012776.8451919813
0.003151677204700916,1837595.8328781717,0.002336883604055248,1018140.9966777462
0.00314144351097672,1767558.1486151235,0.002322401022426335,1018873.4512111434
0.003188640367798081,1832112.8813097144,0.002324792842818312,1017605.4527012102
0.0031564581198340763,1821498.1797062657,0.0023469691742660412,995390.3506426929
0.0031338585135729418,1775271.0315883122,0.0023158912296709884,1005699.0791232116
0.0031322943466530104,1816829.0701248073,0.002336127407209252,1006399.830681042
0.003112441070539796,1778207.4839656446,0.002321533747129591,1009084.2686084536
0.003099709565940929,1812919.9889167855,0.0023233859646077976,1016232.3082906231
0.003109260978501128,1804004.123523745,0.0023153737589649585,993147.2481448107
0.0031513946159642606,1812069.933234638,0.0023075692651860686,1002397.2419621773
0.0031052765295813095,1798472.0370408522,0.002313761611816933,999248.3852548181
0.003112601478599029,1807431.719017714,0.0023017064024166887,992728.1605234904
0.003097664820588699,1802641.2886517807,0.002316700824457838,1006953.9731310594
0.003086445739096376,1804153.5825017912,0.0023020984206617956,1014446.3868756177
0.00312469129928002,1802097.6698646436,0.00231911843934332,1004822.8798462135
0.003187570289348506,1824907.1963601059,0.002300464913742729,997527.9258140146
0.003067715075911285,1785189.0464399587,0.0023079942014203013,1021077.4567497033
0.003171084501441713,1834358.6632732854,0.0023170450500336038,997497.7005265923
0.003083941489948254,1797469.6306232456,0.002318334054224283,1016083.1877411109
0.0030945738962930317,1814734.1167497984,0.00230649626264012,1008039.8066221232
0.0030952092895211833,1807356.7032838205,0.002302342432281788,992958.3105679837
0.0031314824624690367,1774212.6243153252,0.0022992578495563154,1001740.9058182535
0.003098356443749276,1815880.1858578098,0.002305548783301948,1034012.0458754427
0.003110000036243409,1787485.4905854473,0.0023041944156389636,1000678.8864304876
0.003115914890956074,1840265.7272211332,0.002291264621686774,1013921.89863482
0.003124367134023279,1817439.1219857258,0.002310271870445864,1014301.6003449443
0.0030953417722885956,1816571.484809007,0.0022957039713096547,1001911.7113729821
0.003123373754889421,1826432.2058200028,0.0022960624344512282,1013633.6130574624
0.0031029040934795033,1808329.206165187,0.002297048670946654,1002989.6582870887
0.0030918915226450295,1809454.10009332,0.0022899528942912457,1014994.1659935788
0.0030947744039695035,1818199.1037592331,0.0022976515063432507,1018643.5934159245
0.003096840667242112,1813080.3146465987,0.002293140679171466,1000301.8253982434
0.0030543901430106204,1788337.658679229,0.00231757093546351,1003646.5373377274
0.003046066158193268,1781854.789979016,0.0022928673045777056,1033648.0869363073
0.003120744265765122,1822728.4451167895,0.002291255643232221,985907.2485283468
0.003125046579661679,1822412.5489018394,0.0022734682854399623,996486.610419863
0.0030628863974629947,1801213.3623762939,0.0022749221813584486,1015417.1978305706
0.0030817959246649757,1809775.2348464709,0.002274542738043939,1008520.3118831272
0.0030864184190576697,1816629.4990902166,0.0022661234511354243,981017.516574582
0.0031187935211233267,1809844.5205758223,0.0022633244387850345,1015235.1264778523
0.003068470507988054,1791322.5791578162,0.00229695685836206,1014163.449658262
0.0030687814557102235,1782961.4099781944,0.0022811999911419955,989096.1255181885
0.0030574900853645817,1797505.5201846631,0.002284947208196194,1011980.6381231492
0.0030814003272864377,1786487.486389865,0.0022800202497157704,979209.8939637333
0.0031259495480459192,1808079.9268125102,0.0022691389226006816,1000812.5698697892
0.0030963047710194057,1810495.7027303162,0.002293718238753906,994281.3465989005
0.0030939797002361826,1810505.023802611,0.002262506358246936,1002992.6981440312
0.0031494362294690968,1821573.0891451607,0.0022775663898876274,992066.9779558076
0.0030522045841359573,1794483.3255262834,0.00227281966269106,1016455.4040323684
0.0031478311205858224,1849262.8350755202,0.0022668745026486106,1004297.6090794968
0.0031219933483562085,1803888.17930095,0.0022871246190001087,1026626.7341607371
0.003105429413001686,1819158.2950807,0.002289898237998945,997250.7968974212
0.003076675842415959,1800252.450804682,0.0022747198707727062,991208.0897111272
0.0030929829618409786,1787818.9175096464,0.002256926752133183,997615.155156341
0.0030959760930039655,1794314.074351614,0.002257244011656527,974521.5690690911
0.0030929862273307153,1824231.4086872314,0.002291419216409236,1018465.3105810409
0.0030905051877214923,1812149.2170686198,0.002259275852197624,1001465.9295353226
0.0031292059792320773,1832652.0734363399,0.002242184839862208,1000333.4319113196
0.003073370774133766,1797860.0302524306,0.002264560388109411,995967.1195226904
0.0030846974191211115,1824317.5924410832,0.002277512834912323,1003046.9492634087
0.003075886311572156,1817547.5474090423,0.002256449368075434,1022258.5391101632
0.003071158566539873,1817319.8610223404,0.0022498831369476505,1019710.1081643713
0.0030641613849939553,1806179.355168144,0.002265626084317554,1016669.319109293
0.0030669705938010795,1817305.692593603,0.0022523556545331895,998306.1299839249
0.0030699960473984547,1820460.0794965627,0.0022520112582897567,989118.9890489472
0.0030655919662644785,1822258.4657611193,0.002270628039848553,1013733.0576027156
0.0031668775900345917,1818021.2016397864,0.002261866246047149,1012710.9629016481
0.003074148285694983,1804811.7999739244,0.0022624562806393728,1026546.287428052
0.003096386886178356,1780011.2177984905,0.0022578425712165345,1009419.8621040657
0.003076264830263549,1780471.640476085,0.002245888400721891,1009090.8454643493
0.003144623340348323,1838954.8573681943,0.002254105674394642,1011762.7056647831
0.0031252047499893253,1766325.8517834381,0.002268700662282217,1031103.6690232977
0.003093671844845949,1779122.202409622,0.0022694680653512476,1010129.82578389
0.0030947920111875377,1800257.418238548,0.0022502499306013427,1012344.5199935656
0.0030820387547720626,1796479.424172109,0.002245541388864618,1006043.5022941865
0.003022310305898263,1796225.8360674288,0.0022563273311558977,1014557.8106292945
0.0030425044519345125,1792497.9284412593,0.002247327087413385,1024527.8549668627
0.003111202664592344,1814585.9229666756,0.0022356539945039586,1008947.5871326493
0.003222669377812191,1861257.5194615533,0.00225151322400534,996990.3861614182
0.0030679247913204424,1826576.7945446128,0.0022700003763458814,1028925.3564472019
0.0030675482572838494,1825774.5224074663,0.002244926938641233,999873.1866205863
0.003058917917954806,1811807.0696973822,0.0022219356484374547,1001615.602759848
0.003035026904008004,1809520.4971943665,0.002248514235827578,1003683.9983704665
0.0030668732471491296,1823425.3636313444,0.0022349516704050173,1024717.639575614
0.0030532229864368857,1789485.3852376065,0.0022320788054087434,989085.6573099453
0.0031051213999046547,1792951.50877996,0.002223451570551618,1019152.7662770908
0.0030372519881487984,1806700.6812931187,0.0022555476595950592,986759.3398085702
0.0030436308178581825,1805351.6678769551,0.002252500332353345,1006033.7240813695
0.0030469527740875427,1791686.1185995927,0.002239719950313489,1001616.5249276034
0.003075780596869659,1800751.885227066,0.002241257983484272,1030278.6786034054
0.003081342236307243,1822003.6415536103,0.002247318825628384,1018678.6673932547
0.0030736376918230027,1818671.288702812,0.0022268267162705224,1002170.1389387825
0.0030802549742102556,1790238.9756507655,0.0022257598846342906,1012126.7628167946
0.0030654294712541444,1822377.3803787865,0.0022396369778876564,1007451.235046975
0.0030806320250562863,1835864.4472816933,0.0022109873247815365,1002737.4238673861
0.0030354702599065322,1815902.814059707,0.0022217891412416855,1014799.7863203742
0.0031142866998714836,1819600.2271206505,0.002222426769559283,1016789.2928328549
0.00305414108987855,1812812.1691874694,0.0022310090477365148,999459.4529036534
0.003025760186316117,1796933.363050356,0.0022353886576167432,1021578.5756402294
0.0030494323692943056,1809669.3941860744,0.0022268800033503266,1011163.9231359937
0.0030400539072788827,1798844.218882155,0.0022180572860167327,991030.3189979057
0.003104689483609673,1841677.3997252418,0.0022103253100628417,1000002.4601128374
0.0030697161551283617,1847814.2226785622,0.002229408918576966,987244.4535887495
0.00312253948006975,1806841.2154044276,0.0022366519999432277,1017013.2465444395
0.003032439004723622,1797602.8000836165,0.0022193004625725996,991155.9074831248
0.003027239580504443,1802848.4554326083,0.0022266741622104704,998484.9051930108
0.0030772721387437403,1824612.642487253,0.0022338073810629815,1003475.4998367641
0.003047229364637959,1800399.7142303453,0.002220107852874032,992534.2900717788
0.003115877204892189,1847761.9328069119,0.0022114597707538,984676.6878142157
0.0030669144650993688,1810859.9946793048,0.00222684170411204,1016387.4273521772
0.0030855050675988676,1825090.235573904,0.0022211213648902725,1038662.4202875831
0.003090798671547008,1845526.2852716467,0.0022260545016861105,1022582.0725333855
0.0030182259316072378,1799489.6691269754,0.002198086628825011,1000000.0017669162
0.003094206653637662,1820947.8028413414,0.002236250750944916,1018010.1246854134
0.0030822217964207076,1832568.666307912,0.002221402216770024,997702.2585406936
0.0030678277819266102,1795844.6531747605,0.0022404514129711205,999884.411634095
0.0031080415916737826,1810906.1683518435,0.002235345078116081,1013108.5921482372
0.003072100321738821,1814206.2137993632,0.002206379142870386,979256.4538574365
0.0031078821085436053,1831197.1169522807,0.0022334563286683286,1009531.2600184825
0.003075448961318971,1831655.8363771394,0.0022002974948116456,1006676.1672597361
0.003087708645007942,1828352.4620417545,0.002206572979430567,1003428.7414648659
0.0030373133051910307,1806455.6226053673,0.0022105578173804716,995229.5124931979
0.0030586452061391396,1815231.753734975,0.0022020632520048733,1004653.6438575542
0.003030866111716089,1786200.5471749513,0.002201087395155645,990624.4795751439
0.003072822871681908,1807173.2434567008,0.0022003472214340266,1010970.6819258357
0.0030776757621195686,1789364.0210354934,0.0022232803279332008,997744.731294034
0.003068410876703617,1796125.3064140282,0.0022028897711670542,1010756.6187134598
0.0030677800974648795,1807528.9955967853,0.0022094019878296607,1005405.1874505394
0.0030871655939048843,1812231.595412658,0.002205081399283316,1018431.2693127736
0.003058169390345568,1819502.3924938873,0.0022115175657714883,1008648.5093195465
0.0031115372478216032,1830326.9811904698,0.002211550802710545,1031144.9291120345
0.003120554500532249,1829085.881395401,0.0022060211385454397,1014241.1405643766
0.003074304844855887,1820962.4288521556,0.0021982179966990845,1005590.2256370306
0.0030787220604086905,1816508.1374463816,0.0021889574039188854,1016476.8998120365
0.0030627880678075264,1802169.124582821,0.00220850055162088,1009454.0116286691
0.0032118444578206375,1855198.6022341268,0.0022080406000142,1014102.2647474101
0.003065739167977798,1796715.3809999318,0.0022213846538215874,1008771.4247692209
0.0031386905523481646,1844640.200844324,0.0021975808467222264,992473.9386342405
0.003034771164853629,1798438.7567872324,0.0022030979660844587,1007578.2119942391
0.0031386723025814893,1852375.3764371676,0.002188097751890141,997854.5002621791
0.003030432261914458,1808126.556823342,0.0021849882746317302,994550.4120627309
0.003087839581076593,1774647.3264718547,0.0021893010796777096,1000766.873006908
0.0030766833105787326,1833254.1285119678,0.0021931536013754197,1008418.6826283945
0.0030909592325179,1792034.4476731364,0.0021985175873500754,1007025.8387018484
0.0031157279841589063,1807345.1686772865,0.002193703546177551,1005619.3237879742
0.0030871424914574253,1815388.5647930652,0.002196174287966576,1004056.4768693229
0.0031062338908269013,1843379.9458988765,0.002196482919627823,1006628.2788049096
0.0030323932873345142,1818796.4374334808,0.002176042943744056,984999.0144349468
0.003011669361541896,1788198.2297800248,0.0021709024975727124,979361.044554504
0.0030785859349339315,1825919.5290014914,0.002189036093663469,967659.0264120373
0.003146339741746471,1852894.952705067,0.0021713838571435717,981523.8596450401
0.0031038280003714788,1823075.0249619363,0.0021853920089148255,1022333.0621069262
0.0031186458313714038,1844528.9509014199,0.0021804264292165816,1018513.1648538692
0.003115712010218534,1817094.4663147086,0.0021792367261172416,977655.033033131
0.0030994895788109956,1810924.083971006,0.002190442612192717,992332.6122833766
0.0030574539321468336,1797788.1156212962,0.0021586025203858693,1001895.5665600023
0.0031066200551012153,1803660.0642964146,0.0021790172422237425,975020.3267617761
0.0031345397307488477,1834934.0219818396,0.0021578400718968316,971001.1711971409
0.003095256165202784,1816098.547121323,0.002161504765972495,983231.9558272966
0.003128556365219693,1822681.0670810936,0.0021731122787929623,996009.5809734004
0.0030892514852802664,1825484.119555829,0.0021811053235398,996208.9622965765
0.0031357429435719614,1841785.7997987864,0.0021523065691679178,981124.8643388442
0.0030709168211998125,1822263.009173522,0.0021799984450889638,992496.4393335035
0.0032095905650168385,1807132.6541363958,0.0021596386928829443,995222.6190984593
0.0030908556852182823,1809344.2003316835,0.002168818429134876,995298.4569839468
0.003051600409927405,1805398.0644911693,0.0021473874925938717,974913.3504738166
0.003245507589929249,1850625.7708005426,0.002170800566112241,1012261.6458658671
0.003178719548376392,1849407.915195801,0.002141579620046429,978579.8550379953
0.003092201730050999,1826815.9074516885,0.0021642539864518196,977092.5740701478
0.003142725033216707,1824020.3672909988,0.0021648640730362162,991410.3649406723
0.0031499507974458163,1815964.356099443,0.0021412848579102613,977834.5201307624
0.00308832745717783,1831579.5361937124,0.0021813159189130885,1010031.5951862234
0.0031435611451074517,1823639.7142330625,0.002153837125052709,972020.0791874161
0.003120152448097274,1819474.399391301,0.002166177037968693,990929.3191059168
0.0032414601432709388,1844254.5306875743,0.002149966669055712,970406.2588882262
0.0031390324750706316,1844344.893910685,0.0021586218058883425,974865.8932504677
0.0031159568478905295,1828897.5442644856,0.00215356342483267,978021.4484243811
0.003137999087427178,1808367.8761190048,0.002142481447130172,965402.19469636
0.0031428107553858574,1847267.3809139526,0.002165344027039337,980610.2924331701
0.003172715621823509,1837583.98379617,0.0021356267746852104,964444.4232941777
0.003114293724750286,1829064.3463978015,0.0021480827218662187,962303.7418202007
0.0031341671212672235,1826583.8585124966,0.0021535863758188234,988138.3425999007
0.0031185085081774527,1842964.576510388,0.002142474384282727,971796.5881285077
0.003225273660488546,1831575.7522355763,0.002140857428536717,964429.0061350921
0.0032167531325091826,1848586.9231034068,0.002152300095802779,977835.3736978774
0.0032106271334359044,1842452.030169511,0.0021436972990183227,968080.7973580896
0.003141971799444825,1818607.4587215276,0.0021489011520430088,999433.910125407
0.003182578781828523,1840304.010835892,0.002134626193690192,966615.6719539927
0.0032089053329775108,1802199.8327002623,0.002153711654358061,985305.5317047928
0.003167291183570225,1809996.6443879413,0.0021153707931334353,974243.8191141225
0.003145439096873528,1813710.3247940403,0.0021303453730666133,960539.0644388442
0.0032083566281390407,1818807.0657309482,0.0021320651179875237,959743.4595670627
0.0031892806318219863,1817173.2050938245,0.0021238687282697445,981420.4481853726
0.003162946390601843,1835817.4595713778,0.002124406001698899,954873.5989306861
0.0031568316289370783,1833765.589436232,0.0021259124091186797,940889.6992080628
0.0031281079994663766,1812200.7118082854,0.0021303696799125655,959406.8161771181
0.0031130837060263897,1822554.5261556334,0.0021344236127964883,964505.2014308993
0.0031879154940773,1847576.932880694,0.002120282525724047,957265.1950888098
0.0031501842994089463,1832660.9775285306,0.0021364125398447716,954099.0958459652
0.003188162595054957,1817959.333199047,0.002130535680138652,980486.8374251548
0.0031323297731407854,1822805.7619713733,0.002144091021359326,966544.9801776712
0.0030941807145990208,1819254.8394031504,0.002102779146194099,940566.5433246291
0.003256107667712516,1819900.3214396776,0.0021359971849561994,1008760.6509026365
0.003286970261424712,1841805.662456554,0.0021167706265058143,976239.2882129637
0.003177254258823374,1846694.3972519476,0.002135222558134112,954927.0196363702
0.003124659256029286,1813412.6289076793,0.00212069583624736,951235.5596227807
0.0031303644288987673,1831610.7925983316,0.0021100373988051013,941525.2856888222
0.003383036199381716,1862079.8423037757,0.0021156820114589777,945151.0543034271
0.0032025614787464284,1856165.5326635963,0.0021111585245838006,955068.3235469735
0.0033500819537336823,1863997.1832006136,0.002118684804145561,964366.0171155254
0.0032159196486210694,1834368.344939688,0.00211933903446623,962034.0919702443
0.0032943500143537635,1830748.90795831,0.002103152857498681,956474.7109594402
0.0032462906923562767,1862715.2378154073,0.002085087688146047,915716.8161309217
0.0032499304371065452,1849036.0558037267,0.0021187263439375772,960892.8996903553
0.0031589719299567986,1832254.3902889597,0.002088184657405658,936336.9839069693
0.003193802691759537,1822428.3281705778,0.0021024595777762224,964306.5748125045
0.003350155453626024,1857519.3664917543,0.0021093533814222696,945842.0216767447
0.0031824165606739114,1807778.8427022218,0.0021025673539029907,949821.110549184
0.003150467194768108,1826474.7796550004,0.0021034771246633615,939866.716434738
0.003209466124496911,1806482.7680824222,0.0020944075165204253,954233.3687937688
0.00315795347331096,1838160.23591413,0.0021285832697996894,956755.745455812
0.0031944161978415993,1840990.5436689914,0.002097813075307353,951651.0538146679
0.0031395650301469613,1811555.7081969324,0.002101735841000385,933049.5206387563
0.003269593765505204,1840272.8246631513,0.0020840510488095054,937125.9520567744
0.0031250370812902837,1835746.8702011718,0.0020915399846362782,940497.7965679197
0.003163984867486276,1826822.1522226792,0.002102519347983222,940257.467533084
0.003276893886624573,1849303.4233152622,0.0020944813343258687,942369.5523305068
0.003232027027325479,1835527.5850449742,0.0021021473591204686,930284.0387788262
0.0032140151027470693,1834530.7106529516,0.0020739238775974835,932575.5735388845
0.0031834042378545693,1826313.651280209,0.0020857095144442227,930245.6202609965
0.0032482696270881312,1850605.073345802,0.0020896686751574996,934977.3104671644
0.003247524635627593,1826775.7594042458,0.0020885832764836678,939201.3185685503
0.003142276776686004,1841130.357701583,0.002083487396061151,924125.003566946
0.0032455143891701164,1848960.1724246154,0.002081059888173568,911135.955854926
0.003208494187626792,1834526.8448420684,0.0020728995015912026,917641.2618740024
0.0031502287391598767,1831905.0923843754,0.002075909658121955,926691.4251648831
0.003196241904702251,1821123.6710721918,0.00208174422719931,931203.6057317895
0.003314361588931397,1842019.6167556578,0.002067423358065895,919542.2367381856
0.0032120313435724727,1831564.4018105872,0.002072475717055151,917938.0569019053
0.0032706875543193187,1824712.2592392273,0.0020849456774990963,939367.0555512137
0.0031885363239351687,1804629.3201455742,0.0020783943064645472,942084.1653133746
0.0032298569929800946,1841842.6419085911,0.0020610190914517428,921852.7429889725
0.00320761618033921,1834691.9760044848,0.0020820473816739508,927397.992247991
0.0032293391488577737,1816790.104660632,0.002071457417704255,931357.9000548519
0.003252183278709292,1841982.3142049864,0.0020794689696820743,935494.7899893667
0.0032287806462181104,1847775.2258480038,0.0020686014283291367,889010.9742615849
0.0032231823607290363,1847079.483788427,0.0020598549841263566,919563.8499986723
0.003252446618159163,1831216.0131278704,0.0020667494294873204,938025.2190084141
0.0032120507327174806,1844092.8269278768,0.002060188865008573,907517.860155272
0.0032509953213548737,1829981.5443368559,0.0020689019161355066,915280.4689205234
0.003126636291353258,1790852.0607150032,0.002076259543109371,927752.255630802
0.003187758624031543,1827487.4167112878,0.002080993315889444,929405.9144194354
0.003294314092101883,1835188.0073560916,0.0020657078665400667,937726.5722687625
0.003215481778095291,1836726.1355858003,0.002073650058381349,912417.2012903641
0.003213145676627329,1813958.119612792,0.0020617547762546555,916736.7199728504
0.0032049733407484276,1803346.8153464647,0.00204516863585057,884785.389298331
0.003304468922304241,1842150.8615782517,0.0020558672835938184,914053.6580177252
0.0034362328917031055,1839029.171001288,0.002070482694992728,909430.7267098319
0.0032554973935542174,1838057.7196334167,0.0020537780780704265,892511.466121879
0.00327182407421646,1824624.0942843696,0.002049545025262219,911197.317207671
0.0033964186166764773,1832948.8735511636,0.0020578710959259284,901427.7262626556
0.003233803167099504,1821161.60152209,0.0020565907147163187,897840.1096022994
0.0032543368444157856,1834074.1318473946,0.00203762239467981,905256.8525455103
0.003327750330215461,1825753.567597339,0.002054627314658768,892391.3018908177
0.0031739525210316925,1816677.4968875912,0.0020548623840672426,892381.3573633989
0.003336118397812276,1838410.8708246523,0.0020426105814480996,865625.7719483966
0.003315055837164243,1816914.0073270688,0.0020522841356739583,898179.6605069153
0.003318483623712232,1823221.92287619,0.002050066820334598,893511.2838464649
0.0033836753647859706,1827335.3710513867,0.0020408524929669248,898263.326752041
0.0033960135446358427,1832945.7335987506,0.0020194339274193147,906759.8089391035
0.0033529856667408476,1808167.8014543585,0.0020215834657022033,889945.4157501294
0.0033183108351365993,1799985.5161402482,0.002028441157539835,880565.7620933956
0.003256901461967785,1820321.6400316705,0.002042745781882879,902946.5961815395
0.003370339254948824,1797414.492817724,0.00203902483564319,907057.3545831299
0.003419673961141835,1838171.2743425174,0.0020362218137808053,886200.5171640111
0.0033858451593743993,1831248.4630768884,0.00201305209703923,883286.0105574054
0.003409293307326052,1823513.5812011606,0.0020289676010339375,890809.0964805952
0.0032178354793221814,1807939.5780817005,0.002030453558180885,899577.148250328
0.0033440871555272924,1829939.8676231764,0.0020419805577159464,903434.7031963005
0.003400274133629398,1821668.2083150921,0.002037368260424988,895753.6017415022
0.003415383642552169,1833353.515540411,0.002021933957283576,892163.7031207714
0.0034719835340793434,1830346.9925662265,0.002023139581286225,898796.84876495
0.003388078463182825,1837205.0353405012,0.002022425963105746,882014.2926986363
0.003386154970914995,1832644.2361286455,0.0020044783724988084,892205.7572373945
0.003420417807096918,1826785.6804123863,0.0020269462363008994,880204.8394127977
0.0034422261402803716,1862410.8622483073,0.0020060719602954494,871164.3474761768
0.0034365830916348733,1840949.73292988,0.0020129120906433426,889570.9845554875
0.0034517841275090895,1810866.6483590323,0.0020220756631187465,885681.070015597
0.003318888166689184,1845440.9602132314,0.001999229525934052,867153.3265821905
0.0034212270710037625,1838450.499295359,0.002011410807293043,874821.3625874738
0.003416031803104609,1838605.943574039,0.001988558104901339,889339.395178583
0.0033708548014003193,1831842.955742284,0.0020119517306651335,880719.1991430884
0.003411825612566734,1817076.8683808804,0.0020293323734932277,876903.6714082869
0.0033865238004950147,1821391.8345411352,0.002002172564683729,878994.5956773432
0.003454680557765527,1810523.6227637844,0.00200356359559908,888161.932237137
0.0033682435433949327,1801035.55266702,0.0020086196837497943,879483.0165417333
0.0033094615148576466,1803385.4417906331,0.0020223953062107405,883447.8074394846
0.0035377540524401093,1839425.6747771837,0.0019873800588749257,872866.696116458
0.003302183029672357,1840902.8970079771,0.0020033219121172127,868810.65170594
0.0033565361353246927,1812648.5335788182,0.0019831810920802224,869719.4631876089
0.003310347418407366,1824753.9833568162,0.001989203057509948,861249.3004538589
0.0033909562177043963,1837763.7008964268,0.0019899993935173534,864156.1948264427
0.0034035531709661164,1809542.381612337,0.0019965199190360235,880028.8564879077
0.0034698211610342806,1822215.1214144027,0.0019772582749151683,860229.8947401962
0.0033936208874323923,1833589.3249853929,0.0019970146759626375,875814.430529094
0.003478937806056501,1834140.9239530847,0.001962160825931344,859063.0114883166
0.0035111030230183557,1848823.8902854396,0.001980345154360655,846628.3868574837
0.0034408870534609055,1836353.801972998,0.0019754664187532772,877960.9768409233
0.00351478663769719,1829335.6602376376,0.0019890353866819158,871148.9882603362
0.0034178475272848147,1844663.0301996074,0.001965874931887241,847747.431128773
0.0034760237659180633,1814177.4514487898,0.001971334947654641,855028.9883540657
0.003338903324034926,1847265.5976796118,0.0019704256326251897,848579.4659386766
0.0033266202043699318,1823994.9621570597,0.0019738412675930255,849253.2787983551
0.003350369466545414,1833856.27467818,0.0019934066614495163,850354.2369845944
0.003404670758854845,1839173.5177155873,0.0019750287614942316,859711.8544311028
0.0033503103454104993,1801798.0373719563,0.001976458388661225,874451.5094096577
0.00347589473591721,1791164.0994315834,0.001966368033416031,867824.1865263022
0.003472782671984362,1799710.091664144,0.001972611245688006,856934.9205004589
0.0034667062682357513,1818292.870214017,0.0019416070224560168,829255.9302465306
0.0034582097988013066,1814242.198605007,0.0019455940683136682,844934.2655973724
0.003391815457616675,1812623.021853685,0.0019396584316055817,841600.2094007216
0.0034714561622819994,1821541.4040812813,0.0019609296468860774,853070.1368256424
0.0034762308884889433,1791729.1410888175,0.001963708788852196,865606.5802561131
0.0033928864538025974,1821661.6419720487,0.0019566518334245466,851068.9254409735
0.003310255558992943,1812789.7322378203,0.0019450859165559692,851185.3448232922
0.003366696319566268,1813128.0368862196,0.0019545376556644955,848766.4425846845
0.003411409559657529,1822894.7414910668,0.0019437658082671373,853291.1599000568
0.0035611154701778117,1821232.9144225656,0.0019513551143547857,858784.26845565
0.0034282350224321303,1791440.5482047952,0.001951462806213692,847243.0798711717
0.0033383192691645103,1824624.2975927196,0.0019467536891889141,838225.541623491
0.0034853966346701064,1820353.9099789583,0.0019509614640510226,819491.199596815
0.003540880888598189,1803120.3885995266,0.0019476848596101065,875078.7578107972
0.0034754925697308794,1811836.303299773,0.0019423645843067263,834603.200982044
0.0034818998852305678,1809541.9460153077,0.0019380122641976698,842795.9970089097
0.0033555491899355428,1794053.558027237,0.0019328163138938597,850544.5642217061
0.0033265721581415943,1830279.5356018888,0.0019361160618129624,825743.3266071865
0.003527226318121468,1810054.90681906,0.001926512174442949,860472.8087194187
0.0034089447846273875,1811220.7074599278,0.001929089863706066,833132.8126534335
0.003513804654211437,1793822.2629623828,0.001934257539729756,840222.4645287939
0.003397650708757699,1803265.2080456496,0.0019314688917653389,833773.2638394937
0.0035827724384016077,1838846.0670559378,0.0019158427705090629,834684.6000219127
0.003572999477627297,1807327.5741095336,0.0019262305760464396,841831.2227489204
0.003469129000285329,1810670.1065408306,0.001917948657927294,815349.5182504914
0.003504132638041791,1802982.4109529522,0.0019115590259814299,833668.478688921
0.0035189653568830793,1813289.5988057286,0.0019028031496129121,834148.1152882404
0.003554091159865959,1788805.7349505676,0.0019099033357440887,821100.5946989128
0.0036316018903764387,1784896.1387245432,0.0019018948659390571,818364.4938004018
0.0036142368492450847,1798966.4431949,0.0019089532398944159,841509.6203621738
0.003589561518635473,1830095.2217997087,0.0019042764150212148,830261.2923917398
0.003444583667495482,1802427.9063935552,0.0019100688789488681,828525.7031646802
0.0035698497278969605,1818628.15077113,0.0019034666161288519,821168.906442452
0.003447172439228786,1815647.4356829252,0.0018933800667389688,817772.7433249145
0.0033811848739575536,1806725.8316385392,0.001884118975476777,823254.3027628042
0.0035700151111794213,1807118.0724697986,0.0019087061604642006,840791.2096977755
0.0038174596741407667,1853983.8878518525,0.0018834084208426347,793711.0059846
0.0035812622407724063,1811264.2640765144,0.0018789326529164451,815102.0793873086
0.0035647302239950004,1775771.886692595,0.0018854716923985496,833159.7174238163
0.00377825376400788,1821433.719295554,0.001892646404364741,814955.8933955315
0.003510976484092272,1800889.9348540294,0.001862510065043188,789512.0218887471
0.003640909706939276,1818660.551748889,0.0018952083385111876,815606.4294639127
0.003569169907971313,1813884.5829946618,0.0018761859830827958,805825.7762428743
0.003631556975107546,1788065.8382554501,0.0018654027318649262,797169.8837718918
0.0035029268347779694,1771069.8020350132,0.0018703980479075248,822340.7163536347
0.003486804236568408,1801139.2372334872,0.0018678219853171024,810024.1729710443
0.0035308272062611152,1774609.213884238,0.0018701225878244422,808149.0927097477
0.003715614534624654,1812242.0671530075,0.0018516422862590975,806592.8553568985
0.0036354340390180764,1830308.0993519942,0.0018720398135819887,802602.5951394028
0.003457057026046535,1776364.5348801515,0.0018393580291801727,773971.7051685846
0.0034765523540823628,1785334.7434988741,0.001846494054174926,785883.2445505165
0.0037534899486961946,1830918.0921346373,0.0018479706795818834,785695.5225094421
0.003378809071668089,1815983.232495751,0.0018479809089821863,795044.1547698607
0.0036107596988710884,1803899.6081500151,0.001845249749708876,781695.9388712614
0.003528350620270543,1805761.0643502919,0.001837066737486117,779121.7026337212
0.0035430631990324988,1800390.3116624274,0.0018386937713766672,790082.5770621352
0.0036841680693229153,1779894.0208600368,0.0018403237363525543,772899.1890639266
0.003602542031078985,1799390.8094578946,0.0018301193502518428,789035.0273393525
0.0033889238962912143,1807180.5531320965,0.0018217518137969885,770232.9906532232
0.0036834605630632123,1840746.7328090582,0.0018227642145658652,787462.817711895
0.0036657344687354987,1792428.9933057323,0.0018247342357658838,785434.0642948155
0.0036821349692324206,1818125.1240368325,0.001822032099701913,767102.7766025478
0.0034990384594006654,1804093.0531204669,0.0018336887405736438,785382.1986783977
0.003598414816215924,1804938.894713884,0.0018323933433023203,786108.0985471472
0.003503198790027242,1816191.199642105,0.0018167051798046892,784333.6889417439
0.0035606896133402906,1808608.9737508018,0.0018062610559008386,762727.1846144269
0.00371388088058237,1840238.3302024715,0.0018284884880083693,764385.7109379707
0.003538584853714285,1818061.2781715065,0.001806460580822215,778129.4906994408
0.0036902093556038266,1813238.6335303572,0.0018152417043919664,789755.7857794653
0.003600959680991533,1831727.1056430868,0.0018027911359915533,769737.8923284251
0.0035162271379793673,1815861.1747767255,0.0018008960690910378,766157.5089294654
0.0035953378391151637,1837082.9149075078,0.0018070868406085724,762524.2216636051
0.003578336276987768,1809560.717293135,0.0018027770119797752,772228.0951529238
0.003644090739091607,1800958.089290848,0.0018093853156609708,761140.4946299798
0.003673137558807429,1801037.225088233,0.0017982505985636669,779148.1362755097
0.0033655821788497694,1805854.859354881,0.001794654994204371,749538.3066558985
0.0035010770592493277,1796906.2720647436,0.0017881995347519236,763697.4275935235
0.0036910653204360903,1818772.8297406617,0.0017878779046327235,761857.6335206181
0.003596240549361082,1805038.000833974,0.0017928346961242965,751453.5981473698
0.0036821427917026954,1842557.0540239827,0.0017903814513056753,775494.3987882617
0.0036282709808231626,1806267.607342576,0.0017756717081507107,758834.3243225171
0.003806050639605955,1834464.935117992,0.0017656273284298648,746774.0901329542
0.0036428853125126024,1822087.2329643955,0.0017781085780182158,766556.317125075
0.0036417294937789065,1820580.1718527775,0.001773278720632016,781840.6194028041
0.003672100023368642,1815578.7006964192,0.0017637146949341677,739960.9422709806
0.003682279534684814,1828809.4008794168,0.0017720440783010548,748144.6693921377
0.003552303447556475,1802934.8777921577,0.0017639490402112884,750540.6736883912
